Metric,false,true,master,close,spread
Runtime,"7.63140000000000000000,3.98320000000000000000,2.04700000000000000000,1.36780000000000000000,1.02810000000000000000,.82360000000000000000,.68520000000000000000,.58730000000000000000,.51800000000000000000,.46220000000000000000,.41740000000000000000,.43810000000000000000,.44300000000000000000","10.28760000000000000000,5.22730000000000000000,2.74840000000000000000,1.84910000000000000000,1.41880000000000000000,1.13680000000000000000,.94930000000000000000,.81280000000000000000,.71000000000000000000,.63600000000000000000,.56800000000000000000,.51920000000000000000,.47870000000000000000","15.10960000000000000000,15.18800000000000000000,15.38830000000000000000,15.58320000000000000000,15.73560000000000000000,15.95920000000000000000,16.15720000000000000000,16.42800000000000000000,16.54950000000000000000,16.73570000000000000000,16.96250000000000000000,17.08610000000000000000,17.16140000000000000000","10.28080000000000000000,5.22350000000000000000,2.74700000000000000000,1.85010000000000000000,1.41610000000000000000,1.13790000000000000000,.95170000000000000000,.81290000000000000000,.71010000000000000000,.63590000000000000000,.56880000000000000000,.51790000000000000000,.47770000000000000000","7.59000000000000000000,4.00240000000000000000,2.06390000000000000000,1.39380000000000000000,1.04600000000000000000,.85330000000000000000,.72170000000000000000,.61400000000000000000,.55560000000000000000,.49900000000000000000,.45440000000000000000,.41580000000000000000,.38940000000000000000"
