Metric,false,true,master,close,spread
Runtime,"1.77950000000000000000,1.72670000000000000000,1.36890000000000000000,1.36540000000000000000,1.36360000000000000000,1.36920000000000000000,1.36440000000000000000,1.36810000000000000000,1.36580000000000000000,1.36710000000000000000,1.37140000000000000000,1.36360000000000000000,1.36770000000000000000","2.26080000000000000000,1.71540000000000000000,1.35710000000000000000,1.37120000000000000000,1.37520000000000000000,1.37520000000000000000,1.37100000000000000000,1.38190000000000000000,1.36970000000000000000,1.38480000000000000000,1.38520000000000000000,1.38100000000000000000,1.38130000000000000000","2.12580000000000000000,1.71570000000000000000,1.36680000000000000000,1.40190000000000000000,1.38220000000000000000,1.38190000000000000000,1.37480000000000000000,1.36270000000000000000,1.38140000000000000000,1.36200000000000000000,1.36730000000000000000,1.37360000000000000000,1.37050000000000000000","2.02480000000000000000,1.71580000000000000000,1.36120000000000000000,1.37120000000000000000,1.38140000000000000000,1.37310000000000000000,1.37030000000000000000,1.38170000000000000000,1.37100000000000000000,1.37460000000000000000,1.37910000000000000000,1.37560000000000000000,1.37410000000000000000","2.10660000000000000000,1.72450000000000000000,1.37030000000000000000,1.37250000000000000000,1.38060000000000000000,1.37960000000000000000,1.37050000000000000000,1.36330000000000000000,1.43670000000000000000,1.51720000000000000000,1.37930000000000000000,1.50280000000000000000,1.57440000000000000000"
