Metric,false,true,master,close,spread
Runtime,"2.02720000000000000000,1.16730000000000000000,.64750000000000000000,.63480000000000000000,.61410000000000000000,.61950000000000000000,.65060000000000000000,.65560000000000000000,.63610000000000000000,.63580000000000000000,.63120000000000000000,.68430000000000000000,.67730000000000000000","2.11040000000000000000,1.14320000000000000000,.62460000000000000000,.62150000000000000000,.62550000000000000000,.62690000000000000000,.61540000000000000000,.62470000000000000000,.61600000000000000000,.65200000000000000000,.64330000000000000000,.63910000000000000000,.64160000000000000000","2.09110000000000000000,1.15630000000000000000,.66600000000000000000,.75130000000000000000,.81790000000000000000,.74520000000000000000,.81750000000000000000,.76350000000000000000,.85670000000000000000,.92760000000000000000,.84830000000000000000,.96890000000000000000,.94850000000000000000","2.06610000000000000000,1.14070000000000000000,.61830000000000000000,.63810000000000000000,.62920000000000000000,.64060000000000000000,.61620000000000000000,.61770000000000000000,.62790000000000000000,.66300000000000000000,.64280000000000000000,.63870000000000000000,.62610000000000000000","2.07790000000000000000,1.15160000000000000000,.63990000000000000000,.64160000000000000000,.61590000000000000000,.67290000000000000000,.63120000000000000000,.66060000000000000000,.70110000000000000000,.80880000000000000000,.64110000000000000000,.80560000000000000000,.89670000000000000000"
