Metric,false,true,master,close,spread
create_sketch,"3.86760000000000000000,1.99640000000000000000,1.02390000000000000000,.68430000000000000000,.51580000000000000000,.41350000000000000000,.34450000000000000000,.29610000000000000000,.26070000000000000000,.23200000000000000000,.21080000000000000000,.25600000000000000000,.23910000000000000000","5.14260000000000000000,2.61590000000000000000,1.37590000000000000000,.92480000000000000000,.70900000000000000000,.56940000000000000000,.47570000000000000000,.40900000000000000000,.35880000000000000000,.31830000000000000000,.28590000000000000000,.26180000000000000000,.23960000000000000000","7.57330000000000000000,7.71340000000000000000,7.85570000000000000000,8.08370000000000000000,8.21850000000000000000,8.47050000000000000000,8.54600000000000000000,8.83490000000000000000,8.86830000000000000000,9.26520000000000000000,9.33300000000000000000,9.47010000000000000000,9.64250000000000000000","5.14120000000000000000,2.61280000000000000000,1.37650000000000000000,.92630000000000000000,.71000000000000000000,.56730000000000000000,.47640000000000000000,.40900000000000000000,.35860000000000000000,.31840000000000000000,.28670000000000000000,.26180000000000000000,.23930000000000000000","3.78530000000000000000,2.01010000000000000000,1.04150000000000000000,.68420000000000000000,.54270000000000000000,.43580000000000000000,.36670000000000000000,.33350000000000000000,.29450000000000000000,.27050000000000000000,.24960000000000000000,.23060000000000000000,.21550000000000000000"
