Metric,false,true,master,close,spread
sketch,".60860000000000000000,.41830000000000000000,.31780000000000000000,.28320000000000000000,.26410000000000000000,.25330000000000000000,.24610000000000000000,.24270000000000000000,.23910000000000000000,.23630000000000000000,.23380000000000000000,.24400000000000000000,.24480000000000000000",".93220000000000000000,.59720000000000000000,.41270000000000000000,.34930000000000000000,.31520000000000000000,.29660000000000000000,.28250000000000000000,.27220000000000000000,.26510000000000000000,.25840000000000000000,.25320000000000000000,.25010000000000000000,.24710000000000000000","1.02840000000000000000,1.08150000000000000000,1.17230000000000000000,1.30000000000000000000,1.35790000000000000000,1.44050000000000000000,1.56310000000000000000,1.62520000000000000000,1.72400000000000000000,1.83270000000000000000,1.89330000000000000000,1.95380000000000000000,2.08560000000000000000",".93290000000000000000,.59810000000000000000,.41060000000000000000,.34910000000000000000,.31590000000000000000,.29640000000000000000,.28280000000000000000,.27250000000000000000,.26510000000000000000,.25940000000000000000,.25410000000000000000,.25150000000000000000,.24680000000000000000",".60220000000000000000,.41860000000000000000,.31780000000000000000,.28130000000000000000,.26620000000000000000,.25520000000000000000,.24600000000000000000,.24280000000000000000,.24090000000000000000,.23610000000000000000,.23470000000000000000,.23190000000000000000,.23480000000000000000"
